<?xml version="1.0" encoding="UTF-8"?>
<ejb-jar  version="3.0" xmlns="http://java.sun.com/xml/ns/javaee" 
        xmlns:xsi="http://www.w3.org/2001/XMLSchema-instance"
        xsi:schemaLocation="http://java.sun.com/xml/ns/javaee http://java.sun.com/xml/ns/javaee/ejb-jar_3_0.xsd">
  
  <interceptors>
    <interceptor>
      <interceptor-class>jpatest.ejb.util.RequestContextInterceptor</interceptor-class>
    </interceptor>
  </interceptors>

  <assembly-descriptor>
    <interceptor-binding>
      <ejb-name>*</ejb-name>
      <interceptor-class>jpatest.ejb.util.RequestContextInterceptor</interceptor-class>
    </interceptor-binding>
  </assembly-descriptor>
</ejb-jar>
