<?xml version="1.0" encoding="UTF-8"?>
<persistence xmlns="http://java.sun.com/xml/ns/persistence"
	xmlns:xsi="http://www.w3.org/2001/XMLSchema-instance"
	xsi:schemaLocation="http://java.sun.com/xml/ns/persistence
               http://java.sun.com/xml/ns/persistence/persistence_2_0.xsd"
	version="2.0">
	<!--
		<persistence version="1.0"
		xmlns="http://java.sun.com/xml/ns/persistence"
		xmlns:xsi="http://www.w3.org/2001/XMLSchema-instance"
		xsi:schemaLocation="http://java.sun.com/xml/ns/persistence
		http://java.sun.com/xml/ns/persistence/persistence_1_0.xsd">
	-->

	<persistence-unit name="jpaTestPU" transaction-type="RESOURCE_LOCAL">
		<provider>org.hibernate.ejb.HibernatePersistence</provider>
		<!--
			<non-jta-data-source>java:jpaTestDS</non-jta-data-source>
		-->
		<class>jpatest.Vehicle</class>

		<class>jpatest.entity.Address</class>
		<class>jpatest.entity.Customer</class>
		<class>jpatest.entity.Order</class>
		<class>jpatest.entity.LineItem</class>
		<class>jpatest.entity.Book</class>
		<class>jpatest.entity.Content</class>
		<class>jpatest.entity.Category</class>
		<class>jpatest.entity.User</class>
		<class>jpatest.entity.BaseEntity</class>
		<class>jpatest.entity.BankInfo</class>
		<class>jpatest.entity.CustomerPicture</class>
		<class>jpatest.entity.Address2</class>
		<class>jpatest.entity.Address3</class>
		<class>jpatest.entity.Address3PK</class>
		<class>jpatest.entity.GoldCustomer</class>
		<class>jpatest.entity.PreferredCustomer</class>




		<!--

			<class>jpatest.entity.Customer2</class>
			<class>jpatest.entity.Customer3</class>
			<class>jpatest.entity.Customer5</class>
			<class>jpatest.entity.GoldCustomer3</class>
			<class>jpatest.entity.GoldCustomer5</class>
			<class>jpatest.entity.PreferredCustomer3</class>
			<class>jpatest.entity.PreferredCustomer5</class>

			<class>jpatest.entity.GoldCustomer2</class>
			<class>jpatest.entity.PreferredCustomer2</class>

			<class>jpatest.entity.Apartment1a</class>
			<class>jpatest.entity.Apartment1b</class>
			<class>jpatest.entity.Apartment1PK</class>
			<class>jpatest.entity.Apartment2a</class>
			<class>jpatest.entity.Apartment2b</class>
			<class>jpatest.entity.Apartment2PK</class>
			<class>jpatest.entity.Apartment3a</class>
			<class>jpatest.entity.Apartment3b</class>
			<class>jpatest.entity.Apartment3PK</class>
			<class>jpatest.entity.House4a</class>
			<class>jpatest.entity.House4b</class>
			<class>jpatest.entity.House5a</class>
			<class>jpatest.entity.House5b</class>
			<class>jpatest.entity.House6a</class>
			<class>jpatest.entity.House6b</class>
		-->

		<exclude-unlisted-classes />

		<properties>
			<property name="hibernate.dialect" value="org.hibernate.dialect.DerbyDialect" />
			<property name="hibernate.show_sql" value="true" />
			<property name="hibernate.use_sql_comments" value="true" />
			<property name="hibernate.default_schema" value="jpatest" />
			<property name="hibernate.generate_statistics" value="true" />
			<!--
				<property name="hibernate.connection.username" value="jpatest"/>
				<property name="hibernate.connection.password" value="jpatest"/>
				<property name="hibernate.connection.driver_class"
				value="org.apache.derby.jdbc.ClientDriver"/> <property
				name="hibernate.connection.url"
				value="jdbc:derby://localhost:1527/jpatest"/>
			-->

			<property name="javax.persistence.jdbc.url" value="jdbc:derby://localhost:1527/jpatest" />
			<property name="javax.persistence.jdbc.user" value="jpatest" />
			<property name="javax.persistence.jdbc.password" value="jpatest" />
			<property name="javax.persistence.jdbc.driver" value="org.apache.derby.jdbc.ClientDriver" />
			<property name="javax.persistence.lock.timeout" value="30000" />
		</properties>
	</persistence-unit>

	<persistence-unit name="jpaTestJtaPU"
		transaction-type="JTA">
		<provider>org.hibernate.ejb.HibernatePersistence</provider>
		<jta-data-source>java:jpaTestJtaDS</jta-data-source>
		<mapping-file>META-INF/orm.xml</mapping-file>
		<class>jpatest.entity.BaseEntity</class>
		<class>jpatest.entity.Vehicle</class>
		<class>jpatest.entity.PrefferedCustomer</class>
		<class>jpatest.entity.Order</class>
		<class>jpatest.entity.LineItem</class>
		<class>jpatest.entity.GoldCustomer</class>
		<class>jpatest.entity.Customer</class>
		<class>jpatest.entity.Category</class>
		<class>jpatest.entity.Book</class>
		<class>jpatest.entity.Address</class>
		<class>jpatest.entity.Address2</class>
		<class>jpatest.entity.Address3</class>
		<class>jpatest.entity.Address3PK</class>
		<class>jpatest.entity.BankInfo</class>

		<properties>
			<property name="hibernate.dialect" value="org.hibernate.dialect.DerbyDialect" />
			<property name="hibernate.show_sql" value="true" />
			<property name="hibernate.session_factory_name" value="hibernate/MySessionFactory" />
			<property name="hibernate.transaction.manager_lookup_class"
				value="org.hibernate.transaction.JBossTransactionManagerLookup" />

		</properties>
	</persistence-unit>
</persistence>
